cohort_as_of,config,target,baseline_mae,model_mae,delta_mae_pct,baseline_within_2x,model_within_2x,delta_within_2x_pp,p90_coverage,lt1m_mae,1-5m_mae,5-30m_mae,30mplus_mae,lt1m_within_2x,1-5m_within_2x,5-30m_within_2x,30mplus_within_2x,30mplus_wait_p90_miss,30mplus_wait_p90_miss_guarded,hold_rows,peak_rss_mb,cohort_is_anomalous
2026-06-01,run_duration_residual,run_duration,129.6763,119.6552,-7.7278,0.9085,0.9183,0.9744,0.8944,,,,,,,,,,,940516,,True
2026-06-01,wait_time_residual_throughput_filtered_baseline,wait_time,435.2660,265.4114,-39.0232,0.5207,0.5924,7.1738,0.8863,15.6897,69.3606,302.5915,4897.4417,0.4755,0.7605,0.7234,0.6012,,,963736,,True
2026-06-02,run_duration_residual,run_duration,125.8497,112.2268,-10.8248,0.9091,0.9202,1.1167,0.8928,,,,,,,,,,,940833,,True
2026-06-02,wait_time_residual_throughput_filtered_baseline,wait_time,395.9954,259.7309,-34.4106,0.5242,0.5944,7.0227,0.8681,14.8943,67.9991,295.6188,5095.4818,0.4757,0.7652,0.7164,0.6237,,,965564,,True
2026-06-04,run_duration_residual,run_duration,114.1364,102.9477,-9.8030,0.9163,0.9257,0.9396,0.9065,,,,,,,,,,,929651,,True
2026-06-04,wait_time_residual_throughput_filtered_baseline,wait_time,254.2741,420.2201,65.2626,0.5385,0.5917,5.3149,0.8715,16.0786,71.5980,333.7806,8929.6574,0.4768,0.7624,0.7003,0.6181,,,957898,,True
2026-06-06,run_duration_residual,run_duration,116.3654,106.6479,-8.3509,0.9144,0.9239,0.9436,0.9034,,,,,,,,,,,1133231,,True
2026-06-06,wait_time_residual_throughput_filtered_baseline,wait_time,315.3753,458.7990,45.4771,0.5276,0.5784,5.0772,0.8623,15.6438,74.4275,322.3009,8908.9040,0.4680,0.7402,0.6841,0.6364,,,1173036,,True
2026-06-13,wait_time_residual_throughput_filtered_baseline,wait_time,405.0274,421.9963,4.1896,0.5285,0.5758,4.7261,0.8702,18.3299,78.6107,297.0112,6778.8598,0.4546,0.7366,0.7256,0.6044,0.4535,0.3594,1243342,8492.8000,False
2026-06-14,wait_time_residual_throughput_filtered_baseline,wait_time,393.5066,399.0562,1.4103,0.5366,0.5854,4.8813,0.8824,18.7991,78.2438,307.3914,6155.5939,0.4616,0.7474,0.7227,0.6264,0.3982,0.3367,1118075,11809.1000,True
2026-06-15,wait_time_residual_throughput_filtered_baseline,wait_time,353.8796,462.2469,30.6226,0.5463,0.5961,4.9709,0.8921,19.4271,77.5918,294.5515,8521.6566,0.4694,0.7583,0.7449,0.6438,0.3129,0.2713,957318,11652.5000,True
2026-06-16,wait_time_residual_throughput_filtered_baseline,wait_time,309.3036,301.0657,-2.6633,0.5419,0.5946,5.2662,0.8891,24.3763,77.2180,290.6657,4757.6793,0.4672,0.7535,0.7481,0.6577,0.3668,0.3232,934004,11830.5000,True
2026-06-17,wait_time_residual_throughput_filtered_baseline,wait_time,293.9230,313.5179,6.6667,0.5421,0.5939,5.1848,0.8878,21.7523,73.5030,281.7635,5479.6616,0.4700,0.7521,0.7700,0.6491,0.4310,0.3602,955808,11956.3000,True
2026-06-18,wait_time_residual_throughput_filtered_baseline,wait_time,275.1822,247.7915,-9.9537,0.5363,0.5921,5.5713,0.8794,21.3824,72.8813,295.1921,4401.1463,0.4730,0.7492,0.7635,0.6097,0.5218,0.4003,973736,11938.7000,True
2026-06-19,wait_time_residual_throughput_filtered_baseline,wait_time,285.8902,269.7115,-5.6591,0.5276,0.5767,4.9119,0.8735,20.3794,72.9965,307.4849,4938.2383,0.4629,0.7436,0.7266,0.5763,0.5425,0.4083,1143310,17527.6000,True
2026-06-20,wait_time_residual_throughput_filtered_baseline,wait_time,279.9314,266.2866,-4.8743,0.5247,0.5736,4.8930,0.8837,19.7641,72.7176,317.1421,4753.6760,0.4617,0.7429,0.7176,0.5869,0.4394,0.3832,1233221,12018.0000,True
2026-06-21,wait_time_residual_throughput_filtered_baseline,wait_time,229.1136,219.7496,-4.0871,0.5328,0.5810,4.8163,0.8776,15.6206,66.3011,301.5434,4761.5407,0.4710,0.7461,0.7313,0.5888,0.4466,0.3779,1083974,17761.6000,True
2026-06-22,wait_time_residual_throughput_filtered_baseline,wait_time,196.8412,187.7998,-4.5932,0.5317,0.5856,5.3879,0.8779,14.6027,60.6391,284.7224,4891.0240,0.4780,0.7577,0.7253,0.5396,0.4431,0.4042,912098,17399.7000,True
2026-06-23,wait_time_residual_throughput_filtered_baseline,wait_time,184.1833,173.4930,-5.8042,0.5362,0.5917,5.5524,0.8699,13.9857,57.6929,270.6405,4115.4625,0.4816,0.7641,0.7358,0.6127,0.4356,0.3850,881216,11706.4000,True
2026-06-24,wait_time_residual_throughput_filtered_baseline,wait_time,219.5366,186.0808,-15.2393,0.5432,0.5978,5.4606,0.8687,15.3538,64.2344,301.2493,3492.5948,0.4844,0.7659,0.7400,0.6498,0.3702,0.3223,849901,17212.8000,True
2026-06-25,wait_time_residual_throughput_filtered_baseline,wait_time,219.2248,176.6824,-19.4058,0.5438,0.5994,5.5534,0.8779,15.3760,67.2041,307.4613,3301.0264,0.4894,0.7614,0.7484,0.6724,0.3404,0.3014,875168,17180.2000,True
2026-06-26,wait_time_residual_throughput_filtered_baseline,wait_time,337.9016,268.5695,-20.5184,0.5389,0.5887,4.9795,0.8792,15.4954,75.3554,372.6403,4570.6552,0.4827,0.7524,0.7349,0.5752,0.4332,0.3827,1007592,17377.3000,True
2026-06-27,wait_time_residual_throughput_filtered_baseline,wait_time,331.9950,256.8010,-22.6491,0.5388,0.5860,4.7196,0.8758,16.1713,74.2553,359.3093,4150.1128,0.4764,0.7466,0.7339,0.6287,0.4427,0.3654,1148457,17813.2000,True
2026-07-11,wait_time_residual_throughput_filtered_baseline,wait_time,370.0117,343.1394,-7.2625,0.5802,0.6190,3.8781,0.8737,18.8407,69.2472,280.1420,5324.7224,0.5007,0.7512,0.7886,0.5715,0.4276,,1188744,,True
2026-07-14,run_duration_residual,run_duration,151.4012,134.6276,-11.0790,0.9098,0.9241,1.4329,0.8841,,,,,,,,,,,731869,14016.2000,True
2026-07-14,wait_time_residual_throughput_filtered_baseline,wait_time,380.5393,488.7098,28.4256,0.5723,0.6166,4.4305,0.8743,17.4785,67.4483,288.6501,6832.0967,0.4946,0.7685,0.7684,0.5624,0.4664,0.3709,744026,,True
2026-07-16,wait_time_residual_throughput_filtered_baseline,wait_time,468.9569,560.5160,19.5240,0.5584,0.6103,5.1992,0.8617,18.1155,67.3413,305.4269,8778.4860,0.4815,0.7843,0.7671,0.5341,0.5134,0.4178,776008,17696.7000,True
2026-07-17,wait_time_residual_throughput_filtered_baseline,wait_time,441.7117,399.1894,-9.6267,0.5613,0.6096,4.8307,0.8789,20.7410,74.1135,325.0236,5616.6093,0.4777,0.7749,0.7647,0.5835,0.4345,0.3716,986891,17832.5000,True
2026-07-18,run_duration_residual,run_duration,138.4584,124.7019,-9.9354,0.9148,0.9275,1.2708,0.9129,,,,,,,,,,,1168397,22480.0000,True
2026-07-18,wait_time_residual_throughput_filtered_baseline,wait_time,430.7025,397.6631,-7.6711,0.5638,0.6120,4.8228,0.8600,19.7972,71.9792,318.9483,5603.1721,0.4847,0.7716,0.7699,0.5818,0.5257,0.4253,1189019,14527.4000,True
2026-07-19,wait_time_residual_throughput_filtered_baseline,wait_time,367.5069,352.1017,-4.1918,0.5744,0.6252,5.0703,0.8793,19.2821,66.9418,323.9317,5535.0691,0.4967,0.7851,0.7697,0.5983,0.4291,0.3554,1027451,18836.7000,True
2026-07-20,wait_time_residual_throughput_filtered_baseline,wait_time,274.5419,251.2913,-8.4688,0.5779,0.6329,5.4984,0.8810,19.4861,68.7006,347.0693,3651.5423,0.5052,0.7862,0.7872,0.6366,0.4302,0.3419,863653,18572.3000,True
2026-07-21,wait_time_residual_throughput_filtered_baseline,wait_time,304.2812,289.6044,-4.8234,0.5841,0.6370,5.2874,0.8762,19.9372,64.6790,331.0396,3938.2375,0.5142,0.7953,0.7711,0.5801,0.4932,0.4030,833218,18466.4000,True
2026-07-22,wait_time_residual_throughput_filtered_baseline,wait_time,300.9131,284.2266,-5.5453,0.5883,0.6385,5.0242,0.8793,19.5000,68.5402,329.2924,4125.1884,0.5194,0.7929,0.7744,0.5883,0.4824,0.3511,868344,18681.8000,True
2026-07-23,wait_time_residual_throughput_filtered_baseline,wait_time,260.2464,243.2404,-6.5346,0.5970,0.6488,5.1797,0.8829,19.0026,68.1692,331.1691,3791.9874,0.5239,0.8036,0.7899,0.6022,0.4638,0.3331,895566,18710.6000,True
2026-07-24,wait_time_residual_throughput_filtered_baseline,wait_time,259.1313,238.9970,-7.7699,0.5961,0.6467,5.0683,0.8832,18.6178,66.8975,312.0931,3709.3193,0.5178,0.8002,0.7953,0.6251,0.4317,0.3210,1028004,18397.5000,True
2026-07-25,run_duration_residual,run_duration,134.5913,125.4209,-6.8135,0.9175,0.9268,0.9304,0.9010,,,,,,,,,,,1141838,22396.1000,True
2026-07-25,wait_time_residual_throughput_filtered_baseline,wait_time,263.0707,251.9365,-4.2324,0.5890,0.6361,4.7188,0.8843,19.1691,69.9293,306.0171,3754.4872,0.5118,0.7915,0.7793,0.5801,0.4403,0.3439,1165490,14244.4000,True
2026-07-26,wait_time_residual_throughput_filtered_baseline,wait_time,248.3804,212.6778,-14.3741,0.5956,0.6446,4.8999,0.8988,18.4938,70.5656,303.3081,3169.0559,0.5193,0.7923,0.7946,0.6202,0.3233,0.2689,1023909,19010.0000,True
2026-07-27,wait_time_residual_throughput_filtered_baseline,wait_time,223.5365,209.8772,-6.1105,0.5998,0.6470,4.7178,0.8898,17.5560,65.2335,302.5192,3179.6746,0.5272,0.7998,0.7785,0.5537,0.3778,0.3267,874804,18542.7000,True
2026-07-28,wait_time_residual_throughput_filtered_baseline,wait_time,226.9568,201.6815,-11.1366,0.5820,0.6347,5.2712,0.8746,16.3973,62.7307,296.4264,2748.3917,0.5191,0.7953,0.7481,0.5972,0.4146,0.3304,889627,19040.8000,True
2026-07-29,wait_time_residual_throughput_filtered_baseline,wait_time,241.5152,210.9067,-12.6735,0.5804,0.6317,5.1379,0.8662,18.2641,69.7121,311.9053,2634.1723,0.5181,0.7910,0.7382,0.5872,0.4439,0.3401,914246,18758.3000,True
2026-07-30,wait_time_residual_throughput_filtered_baseline,wait_time,247.6488,215.3868,-13.0273,0.5808,0.6343,5.3517,0.8844,19.6984,70.2037,300.3693,2638.3505,0.5130,0.7856,0.7641,0.6461,0.3317,0.2645,975774,18825.6000,True
2026-07-31,wait_time_residual_throughput_filtered_baseline,wait_time,296.7053,266.4394,-10.2007,0.5804,0.6315,5.1149,0.8688,20.8532,72.9363,296.7232,3372.3297,0.5049,0.7840,0.7737,0.6055,0.4293,0.3346,1155733,18927.0000,False
2026-08-01,run_duration_residual,run_duration,138.1752,128.2152,-7.2082,0.9131,0.9213,0.8235,0.8922,,,,,,,,,,,1275932,22514.6000,False
2026-08-01,wait_time_residual_throughput_filtered_baseline,wait_time,370.1683,319.5464,-13.6754,0.5734,0.6222,4.8817,0.8694,21.7341,75.8274,304.0723,3957.0455,0.4960,0.7776,0.7695,0.5814,0.4441,0.3607,1298669,14939.7000,False
2026-08-02,wait_time_residual_throughput_filtered_baseline,wait_time,394.6141,338.4217,-14.2398,0.5844,0.6375,5.3159,0.8756,22.0242,74.8220,292.1234,4186.5444,0.5051,0.7853,0.7908,0.6130,0.4158,0.3410,1145833,19860.5000,True
2026-08-03,wait_time_residual_throughput_filtered_baseline,wait_time,394.8394,351.6633,-10.9351,0.5844,0.6384,5.4054,0.8848,21.0501,72.8787,284.2520,4447.7741,0.5114,0.7853,0.8037,0.5761,0.3963,0.3367,1017168,19472.0000,True
2026-08-04,wait_time_residual_throughput_filtered_baseline,wait_time,437.0892,394.9140,-9.6491,0.5867,0.6386,5.1923,0.8845,19.5147,69.7482,297.3875,5273.3007,0.5137,0.7910,0.7945,0.5716,0.4391,0.3505,998953,19602.1000,True
2026-08-08,run_duration_residual,run_duration,127.2283,116.7893,-8.2050,0.9134,0.9264,1.2965,0.9189,,,,,,,,,,,1322976,22476.6000,True
2026-08-08,wait_time_residual_throughput_filtered_baseline,wait_time,434.4920,485.5853,11.7593,0.5804,0.6219,4.1433,0.8740,23.4017,81.6675,356.0675,5682.3366,0.4963,0.7683,0.7619,0.6052,0.3893,0.2827,1348901,15919.6000,True
2026-08-15,run_duration_residual,run_duration,130.1824,116.0529,-10.8537,0.9034,0.9177,1.4383,0.8951,,,,,,,,,,,1364921,22472.5000,True
2026-08-15,wait_time_residual_throughput_filtered_baseline,wait_time,595.1991,581.4933,-2.3027,0.5655,0.6141,4.8522,0.8606,27.3087,93.3334,396.9805,7098.6391,0.4938,0.7769,0.7335,0.5388,0.4699,0.3360,1391478,16964.2000,True
2026-08-27,wait_time_residual_throughput_filtered_baseline,wait_time,234.4461,218.8231,-6.6638,0.5934,0.6368,4.3400,0.8867,15.6953,55.5617,320.5083,4121.3610,0.4939,0.8175,0.7220,0.6260,0.3128,0.2468,1201650,17443.6000,True
2026-08-28,wait_time_residual_throughput_filtered_baseline,wait_time,195.4879,174.1220,-10.9295,0.5925,0.6358,4.3313,0.8887,16.6934,57.9261,301.0553,2904.9811,0.4862,0.8113,0.7407,0.7210,0.2834,0.2289,1278383,17642.7000,True
2026-08-29,wait_time_residual_throughput_filtered_baseline,wait_time,204.9834,203.0644,-0.9361,0.5880,0.6315,4.3483,0.8704,16.6655,58.9977,305.3224,3519.9846,0.4832,0.8048,0.7316,0.7269,0.3565,0.2372,1267434,17283.4000,True
2026-08-30,run_duration_residual,run_duration,111.1770,102.1931,-8.0807,0.9199,0.9322,1.2240,0.8749,,,,,,,,,,,1072446,15776.4000,True
2026-08-30,wait_time_residual_throughput_filtered_baseline,wait_time,204.6288,197.4896,-3.4888,0.5947,0.6400,4.5332,0.8901,16.2316,57.0484,311.8572,3555.9093,0.4887,0.8178,0.7305,0.7168,0.2463,0.2107,1094141,16242.5000,True
2026-09-01,run_duration_residual,run_duration,108.1948,98.7582,-8.7219,0.9219,0.9311,0.9143,0.8801,,,,,,,,,,,787415,15714.7000,True
2026-09-01,wait_time_residual_throughput_filtered_baseline,wait_time,175.3074,169.5589,-3.2791,0.6047,0.6523,4.7652,0.8883,20.8155,53.5912,293.5147,3010.7089,0.5019,0.8218,0.7637,0.7362,0.2350,0.1944,799771,9426.9000,True
2026-09-08,run_duration_residual,run_duration,115.7846,104.4892,-9.7555,0.9114,0.9244,1.3011,0.8945,,,,,,,,,,,1027871,15990.1000,True
2026-09-08,wait_time_residual_throughput_filtered_baseline,wait_time,179.7184,170.9099,-4.9013,0.5856,0.6395,5.3884,0.8830,17.4213,56.6562,283.8888,2950.6221,0.4952,0.8174,0.7428,0.5799,0.4090,0.3704,1049128,9117.8000,True
2026-09-15,run_duration_residual,run_duration,118.8079,110.0430,-7.3773,0.9007,0.9110,1.0314,0.9032,,,,,,,,,,,1164523,22256.7000,True
2026-09-15,wait_time_residual_throughput_filtered_baseline,wait_time,254.6046,241.1900,-5.2688,0.5744,0.6218,4.7430,0.8789,18.1527,60.9362,310.4671,4038.8643,0.4769,0.8148,0.7212,0.5548,0.4911,0.3850,1193013,12559.5000,True
